{"cameraMode":{"drawMode":0,"name":"Shaded","section":"Shading Mode"},"sceneLighting":false,"audioPlay":false,"sceneViewState":{"m_AlwaysRefresh":false,"showFog":true,"showSkybox":false,"showFlares":true,"showImageEffects":true,"showParticleSystems":true,"showVisualEffectGraphs":true,"m_FxEnabled":false},"in2DMode":false,"pivot":{"x":346.11175537109377,"y":-33.795562744140628,"z":120.95696258544922},"rotation":{"x":-0.32339388132095339,"y":0.061616260558366778,"z":-0.020936820656061174,"w":-0.9441204071044922},"size":46.469966888427737,"orthographic":false}