{"cameraMode":{"drawMode":0,"name":"Shaded","section":"Shading Mode"},"sceneLighting":true,"audioPlay":false,"sceneViewState":{"m_AlwaysRefresh":false,"showFog":true,"showSkybox":true,"showFlares":true,"showImageEffects":true,"showParticleSystems":true,"showVisualEffectGraphs":true,"m_FxEnabled":true},"in2DMode":false,"pivot":{"x":-1.3941845893859864,"y":6.023693561553955,"z":-14.715144157409668},"rotation":{"x":0.1898878812789917,"y":0.09761256724596024,"z":-0.019031871110200883,"w":0.9768439531326294},"size":4.635121822357178,"orthographic":true}